[
  {
    "id": "1736851200000",
    "titulo": "iPhone 13 Pro 128GB",
    "descripcion": "En perfecto estado, siempre con funda y protector de pantalla. Salud de batería al 87%.",
    "categoria": "movil",
    "precio": 500,
    "contacto": "juan.tecnico@email.com",
    "estado": "reservado",
    "createdAt": "2026-01-14"
  },
  {
    "id": "1736851255000",
    "titulo": "PlayStation 5 con 2 mandos",
    "descripcion": "Consola con poco uso. Incluye mando extra DualSense y el juego Ratchet & Clank.",
    "categoria": "consola",
    "precio": 400,
    "contacto": "Marta G.",
    "estado": "reservado",
    "createdAt": "2026-01-14"
  },
  {
    "id": "1736851310000",
    "titulo": "Tarjeta Gráfica RTX 3060",
    "descripcion": "Marca MSI, 12GB GDDR6. Nunca usada para minería, solo gaming casual.",
    "categoria": "componentes",
    "precio": 280,
    "contacto": "600112233",
    "estado": "vendido",
    "createdAt": "2026-01-14"
  },
  {
    "id": "1769706222045",
    "titulo": "Patinete Eléctrico Xiaomi MI 365",
    "descripcion": "Patinete con bastante uso, se debería cambiar los frenos por desgaste. Incluye rueda de repuesto y herramientas necesarias para el patinete.",
    "categoria": "otros",
    "precio": 90,
    "contacto": "Marcos Fernandez",
    "estado": "disponible",
    "createdAt": "2026-01-29"
  }
]